series,time_s,displacement_m
synthetic-observation,0.0,1.0
synthetic-observation,0.25,0.8550622110353833
synthetic-observation,0.5,0.683461986410032
synthetic-observation,0.75,0.5028819149876707
synthetic-observation,1.0,0.32770991402245986
synthetic-observation,1.25,0.16877989813967426
synthetic-observation,1.5,0.033413888102318774
synthetic-observation,1.75,-0.07430401075777507
synthetic-observation,2.0,-0.1530918656742263
synthetic-observation,2.25,-0.20393811654637037
synthetic-observation,2.5,-0.22953148882811247
synthetic-observation,2.75,-0.23370023981479782
synthetic-observation,3.0,-0.22089718431220126
identified-response,0.0,1.0
identified-response,0.25,0.855062211036258
identified-response,0.5,0.6834619864128084
identified-response,0.75,0.5028819149924694
identified-response,1.0,0.3277099140287582
identified-response,1.25,0.16877989814657268
identified-response,1.5,0.03341388810878157
identified-response,1.75,-0.07430401075272419
identified-response,2.0,-0.1530918656713628
identified-response,2.25,-0.20393811654618446
identified-response,2.5,-0.22953148883077712
identified-response,2.75,-0.2337002398201808
identified-response,3.0,-0.2208971843199107
from-returned-fit,0.0,0.0
from-returned-fit,0.25,0.02861694008004897
from-returned-fit,0.5,0.10387961691674667
from-returned-fit,0.75,0.2103012633025772
from-returned-fit,1.0,0.33368088816791175
from-returned-fit,1.25,0.4617941362954
from-returned-fit,1.5,0.584795582249181
from-returned-fit,1.75,0.6953686609615171
from-returned-fit,2.0,0.788668760863515
from-returned-fit,2.25,0.8621091399999128
from-returned-fit,2.5,0.9150391350629579
from-returned-fit,2.75,0.9483605874998877
from-returned-fit,3.0,0.9641224954880628
alternative-stiffer,0.0,0.0
alternative-stiffer,0.25,0.028434046009708194
alternative-stiffer,0.5,0.10128261437217592
alternative-stiffer,0.75,0.1987802885584921
alternative-stiffer,1.0,0.3021701150578382
alternative-stiffer,1.25,0.3960401171790584
alternative-stiffer,1.5,0.4696865163027996
alternative-stiffer,1.75,0.5175329261511759
alternative-stiffer,2.0,0.538757134604894
alternative-stiffer,2.25,0.5363516836570267
alternative-stiffer,2.5,0.515871684730442
alternative-stiffer,2.75,0.4841099265180328
alternative-stiffer,3.0,0.44789615375484604
